Pretty	O
good	O
dinner	FOOD
with	O
a	O
nice	O
selection	O
of	O
food	FOOD
.	O
Open	O
24	O
hours	O
and	O
provide	O
nice	O
service	O
.	O
I	O
usually	O
go	O
here	O
after	O
a	O
night	O
of	O
partying	O
.	O
My	O
favorite	FOOD
dish	O
is	O
the	O
Fried	O
Chicken	FOOD
Eggs	FOOD
Benedict.Good	O
truck	O
stop	O
dining	O
at	O
the	O
right	O
price	O
.	O
We	O
love	O
coming	O
here	O
on	O
the	O
weekends	O
when	O
we	O
do	O
n't	O
feel	O
like	O
cooking.If	FOOD
you	O
like	O
lot	O
lizards	O
,	O
you	O
'll	O
love	O
the	O
Pine	O
Cone!Enjoyable	O
experience	O
for	O
the	O
whole	O
family	O
.	O
The	O
wait	O
staff	O
was	O
courteous	O
and	O
friendly	O
;	O
the	O
food	FOOD
was	O
reasonably	O
priced	O
and	O
a	O
good	O
value	O
.	O
A	O
word	O
of	O
advice	O
--	O
LEAVE	O
ROOM	O
FOR	O
DESSERT	FOOD
!	O
the	O
deserters	O
are	O
great	O
but	O
huge	O
!	O
Plan	O
to	O
bring	O
some	O
homeOne	O
of	O
my	O
favorite	FOOD
truck	O
stop	O
diners	O
with	O
solid	O
food	FOOD
and	O
friendly	O
,	O
quick	O
service	O
.	O
My	O
god	O
,	O
those	O
desserts	O
are	O
huge	O
!	O
I	O
ca	O
n't	O
imagine	O
eating	O
that	O
giant	O
cream	FOOD
puff	O
.	O
All	O
the	O
food	FOOD
we	O
had	O
was	O
delicious	O
and	O
I	O
love	O
how	O
they	O
leave	O
a	O
carafe	FOOD
of	O
coffee	FOOD
on	O
the	O
table	FOOD
.	O
Love	O
this	O
place	O
.	O
Would	O
definitely	O
be	O
back	O
if	O
I	O
was	O
in	O
the	O
area!Only	O
went	O
here	O
once	O
about	O
a	O
year	O
and	O
a	O
half	O
ago	O
,	O
but	O
they	O
had	O
great	O
pancakes	O
!	O
My	O
only	O
problem	O
with	O
it	O
at	O
the	O
time	O
was	O
that	O
they	O
allowed	O
smoking	O
,	O
so	O
I	O
left	O
smelling	O
like	O
a	O
cigarette	FOOD
.	O
With	O
the	O
change	O
in	O
law	O
,	O
I	O
'm	O
sure	O
the	O
atmosphere	O
has	O
improved!Great	O
truck	O
stop	O
restaurant	O
.	O
I	O
've	O
had	O
breakfast	FOOD
and	O
dinner	FOOD
here	O
and	O
it	O
has	O
always	O
been	O
good	O
.	O
Huge	O
portions	O
and	O
reasonable	O
prices	O
.	O
The	O
bakery	FOOD
I	O
guess	O
is	O
legendary	O
.	O
They	O
have	O
doughnuts	FOOD
the	O
size	O
of	O
your	O
head	O
!	O
Eclairs	FOOD
the	O
size	O
of	O
your	O
arm	O
and	O
Cream	FOOD
Puffs	O
that	O
are	O
about	O
10	O
''	O
high	O
.	O
On	O
our	O
most	O
recent	O
trip	O
in	O
the	O
area	O
,	O
stopped	O
at	O
the	O
gas	FOOD
station	O
attached	O
to	O
the	O
restaurant	O
fo	O
some	O
quick	O
snacks	O
and	O
of	O
course	O
BAKERY	FOOD
.	O
If	O
you	O
are	O
driving	O
by	O
and	O
see	O
the	O
sign	O
for	O
The	O
Pine	O
Cone	O
Restaurant	O
-	O
Take	O
the	O
next	O
off	O
ramp	O
and	O
stop	O
it.Yeah	O
,	O
thats	O
right	O
a	O
five	O
freakin	O
star	O
rating	O
.	O
Five	O
Star	O
Truck	O
Stop	O
Dining	O
At	O
Its	O
Finest	O
.	O
Be	O
prepared	O
to	O
eat	O
.	O
I	O
was	O
first	O
introduced	O
to	O
the	O
Pine	O
Cone	O
at	O
its	O
Johnson	O
Creek	O
location	O
years	O
ago	O
and	O
freaked	O
out	O
at	O
the	O
size	O
of	O
the	O
awesome	O
,	O
delicious	O
desserts	O
.	O
Then	O
on	O
a	O
recent	O
road	O
trip	O
someone	O
mentioned	O
about	O
eating	O
at	O
the	O
Pine	O
Cone	O
,	O
I	O
thought	O
is	O
there	O
really	O
more	O
than	O
one	O
?	O
I	O
looked	O
out	O
the	O
window	O
to	O
see	O
exactly	O
where	O
we	O
were	O
at	O
and	O
it	O
was	O
n't	O
near	O
Johnson	O
Creek	O
--	O
when	O
we	O
arrived	O
,	O
and	O
I	O
saw	O
the	O
bakery	FOOD
...	O
I	O
knew	O
I	O
was	O
home	O
.	O
It	O
was	O
near	O
dinner	FOOD
time	O
so	O
I	O
ordered	O
stuffed	O
chicken	FOOD
breast	FOOD
.	O
The	O
dinner	FOOD
roll	O
alone	O
is	O
a	O
meal	FOOD
.	O
I	O
ca	O
n't	O
say	O
enough	O
about	O
dinner	FOOD
.	O
Everything	O
is	O
homemade	O
.	O
They	O
do	O
n't	O
add	O
alot	O
of	O
salt	FOOD
,	O
if	O
any	O
.	O
You	O
can	O
tell	O
its	O
fresh	O
.	O
Its	O
plentiful	O
.	O
Its	O
cheap	O
.	O
You	O
literally	O
can	O
stuff	O
yourself	O
for	O
next	O
to	O
nothing	O
.	O
You	O
ca	O
n't	O
possibly	O
leave	O
this	O
place	O
without	O
indulging	O
on	O
some	O
bakery	FOOD
goods	O
to	O
take	O
home	O
,	O
IF	O
they	O
can	O
make	O
it	O
home	O
.	O
In	O
our	O
case	O
,	O
they	O
were	O
safely	O
packed	O
in	O
the	O
trunk	O
for	O
our	O
safety	O
and	O
yours	O
.	O
The	O
last	O
thing	O
we	O
need	O
to	O
explain	O
to	O
the	O
police	O
is	O
we	O
were	O
under	O
the	O
influence	O
of	O
bakery	FOOD
goods	O
from	O
the	O
Pine	O
Cone.Ate	O
a	O
Saturday	O
morning	O
breakfast	FOOD
at	O
the	O
Pine	O
Cone	O
.	O
Friendly	O
,	O
quick	O
service	O
,	O
normal	O
prices	O
.	O
But	O
for	O
the	O
new	O
year	O
-	O
the	O
special	O
was	O
all-you-can-eat	O
pancakes	O
for	O
$	O
2.12	O
,	O
I	O
added	O
a	O
breakfast	FOOD
sausage	FOOD
patty	FOOD
-LRB-	O
$	O
3.00	O
-RRB-	O
.	O
Father	O
had	O
the	O
typical	O
,	O
two	O
eggs	FOOD
,	O
toast	FOOD
,	O
hash-bowns	FOOD
-LRB-	O
seem	O
fresh	O
cut	FOOD
-RRB-	O
,	O
sausage	FOOD
links	O
.	O
Food	FOOD
was	O
tasty	O
,	O
no	O
major	O
qualms	O
other	O
than	O
-	O
the	O
hash-browns	FOOD
need	O
a	O
bit	O
more	O
cooking	FOOD
and	O
the	O
coffee	FOOD
needs	O
a	O
bit	O
more	O
bite	O
.	O
very	O
nice	O
assortment	O
of	O
bakes	O
goods	O
-	O
massive	O
-	O
as	O
large	O
as	O
your	O
head	O
cream-puffs	FOOD
,	O
eclairs	FOOD
-	O
I	O
took	O
a	O
blueberry	FOOD
muffin	FOOD
to	O
go	O
-	O
which	O
I	O
enjoyed	O
.	O
Quick	O
exit	O
from	O
I-94	O
...	O
just	O
northeast	O
of	O
MadisonAttention	O
fans	O
of	O
David	O
Lynch	O
.	O
Do	O
stop	O
by	O
this	O
place	O
.	O
The	O
atmosphere	O
,	O
staff	O
and	O
patrons	O
will	O
certainly	O
help	O
to	O
make	O
your	O
visit	O
enjoyable	O
.	O
Last	O
time	O
I	O
was	O
here	O
I	O
ordered	O
the	O
caramel	FOOD
nut	FOOD
covered	O
cinnamon	FOOD
roll	O
.	O
The	O
waitress	O
asked	O
if	O
I	O
wanted	O
it	O
warmed	O
with	O
some	O
butter	FOOD
.	O
I	O
thought	O
that	O
sounded	O
even	O
better	O
and	O
said	O
to	O
go	O
ahead	O
and	O
do	O
that	O
.	O
She	O
nodded	O
agreement	O
.	O
Then	O
when	O
she	O
brought	O
it	O
to	O
me	O
it	O
was	O
unheated	O
and	O
no	O
butter	FOOD
.	O
Odd	O
but	O
also	O
kind	O
of	O
humorous	O
.	O
I	O
always	O
enjoy	O
being	O
in	O
a	O
David	O
Lynch	O
film	O
from	O
time	O
to	O
time	O
.	O
The	O
service	O
and	O
food	FOOD
is	O
way	O
better	O
than	O
the	O
country	O
restaurant	O
just	O
a	O
mile	O
south	O
on	O
51	O
.	O
Be	O
sure	O
to	O
go	O
here	O
instead	O
.	O
Their	O
booths	O
are	O
made	O
for	O
skinny	O
people	O
from	O
the	O
50s	O
.	O
take	O
a	O
table	FOOD
.	O
start	O
a	O
conversations	O
with	O
the	O
truck	O
driver	O
to	O
your	O
left	O
.	O
We	O
used	O
to	O
go	O
to	O
the	O
Pine	O
Cone	O
when	O
it	O
was	O
across	O
the	O
street	O
.	O
Must	O
be	O
hard	O
times	O
for	O
these	O
guys	O
because	O
the	O
interior	O
appears	O
to	O
be	O
older	O
than	O
what	O
they	O
had	O
when	O
they	O
were	O
on	O
the	O
other	O
side	O
of	O
the	O
street	O
.	O
That	O
place	O
now	O
sits	O
empty	O
.	O
Why	O
is	O
this	O
area	O
depressed	O
?	O
Do	O
n't	O
ask	O
me	O
,	O
I	O
do	O
n't	O
know	O
.	O
Do	O
I	O
look	O
like	O
I	O
have	O
all	O
the	O
answers	O
?	O
The	O
food	FOOD
here	O
is	O
good	O
and	O
the	O
prices	O
are	O
cheap	O
.	O
Go	O
here	O
for	O
a	O
nice	O
meal	FOOD
and	O
a	O
flash	O
back	O
to	O
the	O
past	O
and	O
do	O
n't	O
forget	O
to	O
take	O
home	O
some	O
bakery	FOOD
.	O
Or	O
if	O
you	O
are	O
n't	O
hungry	O
just	O
stop	O
by	O
for	O
some	O
great	O
baked	O
goods	O
.	O
Well	O
worth	O
the	O
stop	O
.	O
This	O
place	O
gets	O
four	O
stars	O
because	O
of	O
their	O
five	O
star	O
bakery	FOOD
selection	O
.	O
Crazy	O
big	O
cinnamon	FOOD
rolls	O
and	O
good	O
prices.i	O
rarely	O
give	O
five	O
star	O
reviews	O
but	O
for	O
what	O
this	O
restaurant	O
is	O
,	O
it	O
's	O
pretty	O
perfect	O
.	O
i	O
've	O
only	O
eaten	O
breakfast	FOOD
here	O
-LRB-	O
twice	O
in	O
the	O
last	O
three	O
weeks	O
-RRB-	O
and	O
the	O
eggs	FOOD
are	O
cooked	O
perfectly	O
,	O
the	O
sourdough	FOOD
toast	FOOD
is	O
made	O
in	O
the	O
kitchen	FOOD
and	O
is	O
delicious	O
,	O
and	O
the	O
bacon	FOOD
was	O
perfectly	O
crispy	O
.	O
the	O
hashbrowns	O
are	O
the	O
best	O
i	O
've	O
had	O
in	O
a	O
long	O
time	O
-	O
perfectly	O
crispy	O
on	O
the	O
outside	O
and	O
fluffy	O
inside	O
.	O
the	O
pancakes	O
are	O
huge	O
and	O
light	FOOD
and	O
amazing	O
.	O
the	O
cinnamon	FOOD
rolls	O
taste	O
just	O
as	O
good	O
as	O
they	O
look	O
.	O
prices	O
are	O
right	O
on	O
,	O
baked	O
goods	O
are	O
pretty	O
great	O
.	O
service	O
is	O
fast	O
and	O
friendly	O
-	O
really	O
fast	O
.	O
i	O
have	O
n't	O
had	O
to	O
wait	O
more	O
than	O
5	O
minutes	O
to	O
get	O
my	O
meal	FOOD
.	O
i	O
might	O
be	O
in	O
the	O
honeymoon	O
phase	O
,	O
but	O
perfectly	O
cooked	O
poached	O
eggs	FOOD
or	O
over	O
easy	O
eggs	FOOD
are	O
hard	O
to	O
come	O
by	O
!	O
it	O
should	O
n't	O
be	O
an	O
anomaly	O
to	O
discover	O
well	O
cooked	O
food	FOOD
,	O
but	O
i	O
suppose	O
it	O
is	O
.	O
sure	O
it	O
's	O
a	O
``	O
greasy	O
spoon	O
''	O
but	O
how	O
many	O
greasy	O
spoons	O
bake	O
their	O
own	O
bread	FOOD
?	O
ca	O
n't	O
recommend	O
this	O
place	O
enough	O
for	O
great	O
breakfasts.With	FOOD
a	O
recent	O
addition	O
of	O
a	O
truck	O
driver	O
for	O
a	O
BF	O
I	O
have	O
found	O
myself	O
frequenting	O
truck	O
stops	O
to	O
dine	O
.	O
This	O
little	O
place	O
is	O
quite	O
a	O
pleasant	O
surprise	O
.	O
Basically	O
it	O
is	O
just	O
great	O
home	O
cooking	FOOD
.	O
Everything	O
is	O
homemade	O
and	O
quite	O
good	O
.	O
The	O
baked	O
goods	O
in	O
the	O
front	O
counter	O
were	O
amazing	O
.	O
The	O
size	O
of	O
the	O
cinnamon	FOOD
rolls	O
was	O
insane	O
.	O
And	O
of	O
course	O
I	O
could	O
n't	O
leave	O
without	O
a	O
piece	O
of	O
pie.This	FOOD
is	O
one	O
of	O
the	O
best	O
breakfasts	FOOD
I	O
have	O
had	O
!	O
Is	O
the	O
decor	O
dated	O
?	O
Absolutely	O
but	O
it	O
just	O
adds	O
to	O
the	O
nostalgic	O
charm	O
!	O
The	O
place	O
just	O
reeks	O
of	O
beef	FOOD
cooking	FOOD
...	O
Ahhh	O
delicious	O
!	O
Check	O
out	O
the	O
pastry	FOOD
cases	O
!!!!	O
OMG	O
,	O
is	O
all	O
I	O
have	O
to	O
say!hands	O
down	O
one	O
of	O
the	O
best	O
breakfasts	FOOD
my	O
wife	O
and	O
i	O
have	O
had	O
.	O
stopped	O
in	O
here	O
based	O
on	O
the	O
positive	O
reviews	O
from	O
fellow	O
yelpers	O
and	O
was	O
sure	O
glad	O
i	O
did	O
.	O
this	O
is	O
a	O
good	O
sized	O
diner	FOOD
at	O
a	O
truck	O
stop	O
.	O
the	O
first	O
thing	O
that	O
caught	O
our	O
eye	O
was	O
the	O
pastries	O
-	O
they	O
were	O
all	O
huge	O
and	O
all	O
looked	O
great	O
.	O
tip	O
-	O
be	O
sure	O
to	O
save	O
space	O
for	O
at	O
least	O
one	O
.	O
i	O
went	O
with	O
the	O
cinnamon	FOOD
roll	O
french	O
toast	FOOD
and	O
was	O
very	O
pleased	O
.	O
very	O
large	O
portion	O
and	O
great	O
taste	O
-	O
go	O
witht	O
the	O
sausage	FOOD
patty	FOOD
over	O
the	O
links	O
.	O
people	O
behind	O
us	O
had	O
links	O
on	O
their	O
plate	O
and	O
they	O
didnt	O
look	O
too	O
appetzing	O
.	O
the	O
patty	FOOD
was	O
good	O
.	O
wife	O
went	O
with	O
a	O
chicken	FOOD
friend	O
steak	FOOD
,	O
eggs	FOOD
,	O
and	O
hashbrowns	O
.	O
hashbrowns	O
left	O
a	O
bit	O
to	O
desire	O
but	O
they	O
get	O
bonus	O
points	O
for	O
being	O
real	O
potatoes	FOOD
and	O
fresh	O
.	O
overall	O
,	O
great	O
experience	O
and	O
we	O
were	O
in	O
and	O
out	O
in	O
35	O
mins	O
so	O
we	O
could	O
continue	O
out	O
journey	O
.	O
looking	O
forward	O
to	O
stopping	O
here	O
again	O
sometime	O
soon.This	O
is	O
definitely	O
not	O
your	O
usual	O
truck	O
stop	O
.	O
Pastries	O
look	O
delicious	O
.	O
Dinner	FOOD
rolls	O
are	O
large	O
enough	O
for	O
a	O
meal	FOOD
themselves	O
and	O
good	O
!	O
We	O
had	O
a	O
young	O
waitress	O
who	O
I	O
think	O
was	O
new	O
.	O
We	O
found	O
her	O
to	O
be	O
sweet	O
,	O
polite	O
and	O
trying	O
very	O
hard	O
.	O
The	O
lady	O
managing	O
the	O
restaurant	O
was	O
really	O
rude	O
to	O
her	O
.	O
We	O
could	O
all	O
hear	O
it.A	O
delicious	O
breakfast	FOOD
.	O
Amazing	O
fresh	O
bakery	FOOD
and	O
pastry	FOOD
items	O
.	O
HOWEVER	O
,	O
the	O
parkinglot/gas	FOOD
station	O
area	O
is	O
filthy	O
.	O
Strewn	O
with	O
debris	O
,	O
dead	O
cars	O
,	O
broken	O
glass	FOOD
.	O
If	O
you	O
judge	O
a	O
book	O
by	O
this	O
cover	FOOD
you	O
would	O
NEVER	O
venture	O
inside	O
.	O
I	O
hope	O
the	O
Mgr	O
.	O
sees	O
this	O
and	O
cleans	O
up.Don	O
'	O
t	O
be	O
fooled	O
because	O
it	O
's	O
in	O
a	O
truck	O
stop	O
,	O
truckers	O
know	O
where	O
there	O
are	O
good	O
places	O
to	O
eat	O
.	O
Stop	O
here	O
just	O
for	O
the	O
desserts	O
,	O
I	O
bought	O
an	O
eclair	FOOD
that	O
must	O
have	O
weighed	O
a	O
pound	O
,	O
delicious	O
,	O
like	O
they	O
are	O
supposed	O
to	O
be	O
made	O
.	O
Cream	FOOD
Puffs	O
look	O
like	O
they	O
would	O
n't	O
fit	O
in	O
a	O
one	O
pound	O
coffee	FOOD
can	O
...	O
grin	O
.	O
Do	O
n't	O
miss	O
this	O
place	O
...	O
Continuing	O
on	O
my	O
Saturday	O
morning	O
hangover	O
theme	O
:	O
there	O
's	O
just	O
something	O
about	O
a	O
plateful	O
of	O
greasy	O
food	FOOD
when	O
you	O
're	O
slightly	O
hung	FOOD
over	O
that	O
makes	O
it	O
all	O
better	O
.	O
The	O
Pine	O
Cone	O
has	O
down-home	O
,	O
rib-sticking	O
,	O
greasy	O
food	FOOD
in	O
spades	O
.	O
The	O
SO	O
and	O
I	O
split	O
the	O
chicken	FOOD
fried	O
steak	FOOD
,	O
which	O
comes	O
with	O
plenty	O
of	O
toast	FOOD
,	O
hashbrowns	O
,	O
and	O
two	O
eggs	FOOD
.	O
I	O
could	O
`	O
nt	O
finish	O
mine	O
!	O
The	O
gravy	FOOD
must	O
be	O
the	O
same	O
that	O
they	O
use	O
for	O
biscuits	FOOD
and	O
gravy	FOOD
,	O
because	O
it	O
tasted	O
sausage-y	FOOD
,	O
and	O
as	O
my	O
plate	O
sat	O
there	O
I	O
could	O
see	O
the	O
grease	FOOD
rising	O
to	O
the	O
top	O
.	O
BUT	O
--	O
I	O
did	O
n't	O
come	O
here	O
in	O
search	O
of	O
health	O
food	FOOD
,	O
and	O
it	O
was	O
just	O
what	O
the	O
doctor	O
ordered	O
.	O
I	O
'll	O
work	O
out	O
later.Some	O
times	O
Jane	O
and	O
Michael	O
Stern	O
are	O
on	O
point	O
and	O
other	O
times	O
the	O
story	O
of	O
the	O
place	O
beats	O
the	O
food	FOOD
.	O
I	O
would	O
definitely	O
return	O
to	O
the	O
Pine	O
Cone	O
.	O
It	O
's	O
a	O
bakery	FOOD
and	O
diner	FOOD
attached	O
to	O
a	O
truck	O
stop	O
on	O
the	O
Wisconsin	O
highway	O
.	O
I	O
live	O
in	O
Chicago	O
and	O
work	O
in	O
a	O
famous	O
Mexican	FOOD
restaurant	O
and	O
I	O
get	O
up	O
to	O
Wisconsin	O
for	O
the	O
old	O
school	O
steak	FOOD
and	O
butter	FOOD
as	O
much	O
as	O
possible	O
:	O
it	O
gives	O
me	O
the	O
energy	FOOD
to	O
do	O
my	O
job	O
.	O
Pine	O
Cone	O
has	O
eclairs	FOOD
and	O
cream	FOOD
puffs	O
the	O
size	O
of	O
my	O
cat	FOOD
.	O
And	O
I	O
got	O
a	O
pig	O
cookie	FOOD
.	O
This	O
little	O
truck	O
stop	O
gives	O
me	O
the	O
big	O
energy	FOOD
to	O
get	O
even	O
deeper	O
into	O
steak	FOOD
and	O
butter	FOOD
territory.I	O
like	O
this	O
location	O
better	O
than	O
the	O
one	O
near	O
Johnson	O
's	O
creek	O
.	O
It	O
is	O
a	O
bit	O
tight	O
when	O
you	O
walk	O
in	O
,	O
but	O
the	O
charm	O
soon	O
takes	O
over	O
.	O
I	O
was	O
not	O
really	O
impressed	O
by	O
the	O
food	FOOD
.	O
However	O
,	O
their	O
pastries	O
won	O
my	O
over	O
.	O
Try	O
it	O
all	O
!	O
The	O
pie	FOOD
was	O
delicious	O
.	O
I	O
went	O
with	O
a	O
simple	O
apple	FOOD
selection	O
.	O
Delicious	O
,	O
perfection	O
.	O
It	O
is	O
nothing	O
crazy	O
,	O
no	O
fancy	O
name	O
but	O
truthfully	O
one	O
of	O
the	O
best	O
piece	O
of	O
classic	O
apple	FOOD
you	O
can	O
find	O
around	O
here	O
.	O
The	O
service	O
is	O
a	O
little	O
slow	O
but	O
once	O
again	O
,	O
it	O
is	O
a	O
small	O
restaurant	O
with	O
lots	O
of	O
charm	O
.	O
You	O
get	O
what	O
you	O
get	O
and	O
I	O
love	O
it	O
.	O
It	O
is	O
near	O
a	O
Christmas	FOOD
tree	O
farm	O
so	O
it	O
is	O
the	O
perfect	O
place	O
to	O
stop	O
and	O
get	O
some	O
cocoa	FOOD
on	O
your	O
way.This	O
place	O
was	O
excellent	O
.	O
We	O
were	O
a	O
little	O
nervous	O
because	O
it	O
is	O
in	O
a	O
truck	O
stop	O
but	O
the	O
food	FOOD
was	O
absolutely	O
delicious	O
and	O
the	O
service	O
was	O
fast	O
and	O
friendly.OMG	O
!	O
The	O
bakery	FOOD
items	O
at	O
Pinecone	O
are	O
AMAZING	O
!	O
Cinnamon	FOOD
rolls	O
as	O
big	O
as	O
your	O
head	O
and	O
absolutely	O
scrumptious	O
!	O
The	O
food	FOOD
in	O
the	O
restaurant	O
is	O
great	O
for	O
truck	O
stop	O
food	FOOD
.	O
We	O
've	O
only	O
come	O
for	O
breakfast	FOOD
but	O
stop	O
every	O
single	O
time	O
we	O
head	O
up	O
to	O
Rhinelander	O
,	O
WI	O
.	O
Do	O
NOT	O
miss	O
this	O
place	O
if	O
even	O
only	O
for	O
their	O
baked	O
goods!A	O
really	O
lovely	O
surprise	O
on	O
a	O
rather	O
horrific	O
family	O
road	O
trip	O
.	O
We	O
were	O
greeted	O
at	O
the	O
door	O
,	O
the	O
waitress	O
was	O
a	O
peach	FOOD
,	O
and	O
the	O
nice	O
man	O
who	O
filled	O
water/helped	O
out	O
was	O
the	O
sweetest	O
guy	O
ever	O
.	O
The	O
food	FOOD
is	O
also	O
great	O
if	O
you	O
're	O
a	O
fan	O
of	O
the	O
diner-type	FOOD
grub	O
;	O
my	O
hot	O
turkey	O
sandwich	FOOD
will	O
live	O
on	O
in	O
my	O
dreams	O
.	O
You	O
can	O
definitely	O
tell	O
the	O
place	O
has	O
the	O
old	O
time	O
appeal	O
of	O
a	O
great	O
family	O
place	O
as	O
all	O
the	O
locals	O
-LRB-	O
mostly	O
older	O
people	O
-RRB-	O
know	O
each	O
other	O
and	O
it	O
's	O
clear	O
it	O
's	O
the	O
happening	O
place	O
for	O
breakfast	FOOD
with	O
the	O
over-60	O
crowd	O
-LRB-	O
but	O
hey	O
,	O
that	O
says	O
the	O
food	FOOD
has	O
to	O
be	O
pretty	O
homestyle	O
and	O
tasty	O
to	O
me	O
.	O
-RRB-	O
If	O
you	O
're	O
headed	O
down	O
94	O
and	O
need	O
a	O
good	O
lunch	FOOD
stop	O
,	O
make	O
this	O
it.Very	O
nice	O
and	O
clean	O
place	O
to	O
have	O
breakfast	FOOD
or	O
lunchI	O
eat	O
here	O
regularily	O
because	O
it	O
is	O
consistently	O
good	O
.	O
Very	O
large	O
menu	FOOD
which	O
makes	O
it	O
tough	O
to	O
choose	O
but	O
never	O
disappointed!Unlimited	O
hot	O
coffee	FOOD
.	O
I	O
do	O
n't	O
have	O
any	O
recollection	O
of	O
what	O
I	O
ate	O
...	O
I	O
wanted	O
t	O
give	O
it	O
four	O
stars	O
,	O
but	O
that	O
would	O
be	O
a	O
very	O
generous	O
review	O
for	O
a	O
meal	FOOD
I	O
can	O
not	O
recall	O
.	O
I	O
know	O
it	O
was	O
decently	O
good	O
,	O
and	O
it	O
's	O
like	O
the	O
only	O
restaurant	O
in	O
Deforest	O
.	O
For	O
that	O
,	O
I	O
give	O
it	O
four	O
stars.Homestyle	O
cooking	FOOD
at	O
its	O
best	O
,	O
dnt	O
go	O
to	O
culvers	O
,	O
McDonald	O
's	O
or	O
whatever	O
trash	O
is	O
right	O
off	O
the	O
hwy	O
,	O
head	O
a	O
bit	O
further	O
down	O
u	O
will	O
find	O
this	O
gem	O
,	O
one	O
of	O
the	O
reasons	O
I	O
love	O
this	O
place	O
so	O
much	O
?	O
They	O
dnt	O
play	O
annoying	O
music	O
,	O
scratch	O
that	O
,	O
they	O
do	O
n't	O
play	O
ANY	O
music	O
.	O
People	O
working	O
here	O
are	O
super	O
nice	O
as	O
to	O
be	O
expected	O
.	O
If	O
I	O
owned	O
this	O
joint	O
,	O
I	O
would	O
invest	O
in	O
a	O
new	O
bigger	O
sign	O
,	O
as	O
I	O
drove	O
right	O
by	O
this	O
place	O
and	O
almost	O
missed	O
it	O
twice.Nice	O
simple	O
homey	O
diner	FOOD
.	O
Very	O
friendly	O
staff	O
,	O
huge	O
family	O
friendly	O
menu	FOOD
,	O
salad	FOOD
bar	FOOD
.	O
If	O
you	O
are	O
on	O
the	O
road	O
this	O
beats	O
the	O
same	O
old	O
options.Love	O
their	O
breakfast	FOOD
menu	FOOD
&	O
they	O
have	O
friendly	O
waitstaff	O
.	O
We	O
go	O
there	O
nearly	O
every	O
Friday	O
for	O
the	O
last	O
4	O
yrs	O
.	O
I	O
love	O
that	O
they	O
do	O
n't	O
play	O
any	O
music	O
.	O
It	O
is	O
quiet	O
,	O
conversational	O
,	O
and	O
comfortable.Went	O
here	O
for	O
lunch	FOOD
with	O
two	O
co-workers	O
,	O
checked	O
Yelp	O
before	O
we	O
went	O
and	O
the	O
reviews	O
were	O
very	O
positive	O
so	O
we	O
decided	O
to	O
give	O
it	O
a	O
try	O
.	O
Yikes	O
!	O
How	O
can	O
the	O
reviews	O
be	O
4-5	O
stars	O
and	O
the	O
service	O
at	O
best	O
``	O
average	O
''	O
,	O
the	O
food	FOOD
was	O
terrible	O
and	O
myself	O
and	O
my	O
co-workers	O
all	O
agreed	O
,	O
this	O
restaurant	O
does	O
n't	O
rate	O
two	O
stars	O
.	O
I	O
had	O
one	O
of	O
the	O
special	O
Friday	O
offerings	O
,	O
Smelt	O
.	O
It	O
came	O
with	O
a	O
salad	FOOD
-LRB-	O
very	O
average	O
but	O
fresh	O
-RRB-	O
,	O
fries	FOOD
-LRB-	O
ordinary	O
-RRB-	O
and	O
the	O
Smelt	O
.	O
After	O
a	O
20-25	O
minute	O
wait	O
our	O
server	O
came	O
with	O
our	O
orders	O
.	O
I	O
looked	O
at	O
my	O
plate	O
and	O
was	O
shocked	O
!	O
There	O
was	O
12-15	O
so-called	O
Smelt	O
about	O
3	O
''	O
long	O
and	O
deep	O
fried	O
.	O
They	O
looked	O
like	O
little	O
fat	O
cigarettes	O
!	O
I	O
bit	O
into	O
one	O
and	O
it	O
was	O
all	O
batter	FOOD
,	O
I	O
tried	O
another	O
and	O
it	O
was	O
the	O
same	O
.	O
I	O
had	O
deep	O
fried	O
batter	FOOD
for	O
lunch	FOOD
!!	O
I	O
have	O
n't	O
had	O
a	O
meal	FOOD
this	O
bad	O
since	O
I	O
got	O
out	O
of	O
the	O
Navy	O
!	O
My	O
co-workes	O
meals	O
were	O
not	O
much	O
better	O
,	O
one	O
had	O
Chicken	FOOD
Fried	O
Steak	FOOD
and	O
he	O
said	O
it	O
was	O
made	O
out	O
of	O
the	O
box	O
.	O
My	O
other	O
co-worker	O
had	O
the	O
Cod	FOOD
and	O
he	O
said	O
it	O
was	O
mushy	O
and	O
brown	FOOD
colored	O
!	O
YUK	O
!	O
I	O
hate	O
to	O
write	O
such	O
a	O
negative	O
review	O
but	O
this	O
restaurant	O
earned	O
``	O
one	O
''	O
star	O
.	O
Maybe	O
they	O
have	O
great	O
breakfast	FOOD
!	O
I	O
hope	O
they	O
do	O
because	O
their	O
lunches	O
are	O
sub-par	O
.	O
There	O
are	O
other	O
restaurants	O
on	O
this	O
street/highway	O
,	O
I	O
'd	O
give	O
them	O
a	O
try	O
before	O
I	O
stopped	O
here	O
.	O
I	O
know	O
my	O
co-workers	O
and	O
I	O
wo	O
n't	O
be	O
coming	O
back.Don	O
'	O
t	O
have	O
time	O
and/or	O
cute	O
outfits	O
for	O
Madison	O
but	O
want	O
an	O
alternative	O
to	O
Cracker	FOOD
Barrel	FOOD
?	O
This	O
is	O
your	O
stop	O
.	O
I	O
started	O
with	O
the	O
chicken	FOOD
dumpling	FOOD
soup	FOOD
.	O
Simply	O
divine	O
,	O
so	O
much	O
as	O
to	O
seriously	O
tempt	O
my	O
veg	O
accomplice	O
.	O
Cheese	FOOD
curds	FOOD
were	O
another	O
hit	O
,	O
far	O
superior	O
to	O
those	O
from	O
the	O
state	O
fair	O
.	O
Wraps	O
,	O
sammys	O
,	O
even	O
the	O
fried	O
mushrooms	FOOD
were	O
consistent	O
,	O
wholesome	O
,	O
and	O
fresh	O
.	O
Service	O
was	O
on	O
point	O
,	O
our	O
waitress	O
Brianna	O
was	O
business	O
pro	O
.	O
People	O
watching	O
was	O
a	O
little	O
poor	O
-LRB-	O
s	O
-RRB-	O
,	O
to	O
be	O
expected	O
in	O
rural	O
Midwest	O
?	O
I	O
think	O
our	O
impassioned	O
debate	O
over	O
drug	O
use	O
might	O
have	O
startled	O
the	O
crowd	O
.	O
Nonetheless	O
,	O
not	O
a	O
Cracker	FOOD
Barrel	FOOD
.	O
Takes	O
Amex.Huge	O
menu	FOOD
,	O
fresh	O
tasty	O
food	FOOD
,	O
reasonable	O
prices	O
.	O
Beats	O
a	O
chain	O
highway	O
place	O
for	O
sure	O
.	O
The	O
chicken	FOOD
dumpling	FOOD
soup	FOOD
alone	O
is	O
worth	O
a	O
trip	O
-LRB-	O
fresh	O
made	O
every	O
day	O
and	O
it	O
caused	O
my	O
vegetable-phobic	O
daughter	O
to	O
eat	O
carrots	O
and	O
celery	FOOD
of	O
her	O
own	O
voltion	O
!	O
-RRB-	O
;	O
the	O
steak-cut	FOOD	FOOD
French	O
fries	FOOD
were	O
great	O
and	O
the	O
coconut	FOOD
cream	FOOD
pie	FOOD
was	O
wonderful.Food	FOOD
was	O
very	O
good	O
.	O
I	O
had	O
the	O
Reuben	O
sandwich	FOOD
.	O
My	O
only	O
suggestion	O
is	O
that	O
the	O
waitress	O
should	O
check	O
back	O
more	O
often	O
to	O
see	O
if	O
we	O
need	O
anything	O
.	O
Otherwise	O
,	O
I	O
recommend	O
it.My	O
boyfriend	O
and	O
I	O
came	O
here	O
to	O
have	O
breakfast	FOOD
after	O
New	O
Years	O
.	O
We	O
were	O
n't	O
expecting	O
much	O
being	O
not	O
at	O
our	O
best	O
either	O
.	O
The	O
service	O
,	O
as	O
mentioned	O
several	O
times	O
in	O
yelp	O
,	O
is	O
really	O
slow	O
.	O
My	O
drink	O
was	O
forgotten	O
about	O
and	O
the	O
next	O
time	O
our	O
waitress	O
came	O
around	O
she	O
was	O
serving	O
our	O
meal	FOOD
about	O
30-40	O
minutes	O
from	O
taking	O
our	O
order	O
.	O
The	O
restaurant	O
was	O
probably	O
half	O
full	FOOD
of	O
people	O
.	O
My	O
boyfriends	O
meal	FOOD
was	O
mediocre	O
``	O
at	O
best	O
''	O
as	O
he	O
put	O
it	O
but	O
my	O
meal	FOOD
was	O
worse	O
.	O
My	O
bacon	FOOD
and	O
egg	FOOD
omelette	FOOD
was	O
burnt	O
and	O
the	O
cheese	FOOD
was	O
scarce	O
.	O
At	O
the	O
end	O
of	O
our	O
meal	FOOD
,	O
our	O
server	O
still	O
charged	O
us	O
for	O
the	O
missing	O
drink	O
but	O
they	O
were	O
kind	O
enough	O
to	O
take	O
it	O
off	O
the	O
bill	O
,	O
that	O
is	O
while	O
we	O
waited	O
10	O
minutes	O
standing	O
at	O
the	O
register	O
.	O
I	O
would	O
n't	O
go	O
back	O
to	O
this	O
restaurant	O
because	O
I	O
think	O
my	O
time	O
is	O
worth	O
more	O
than	O
they	O
treated	O
it	O
but	O
could	O
be	O
nice	O
for	O
those	O
who	O
think	O
differently.Nice	O
clean	O
place	O
with	O
a	O
very	O
friendly	O
staff	O
.	O
Great	O
homemade	O
chicken	FOOD
dumpling	FOOD
soup	FOOD
and	O
a	O
very	O
tasty	O
club	O
sandwich	FOOD
.	O
Decor	O
is	O
outdated	O
,	O
but	O
not	O
sloppy	O
.	O
Good	O
local	O
place	O
to	O
bring	O
the	O
family.I	O
really	O
like	O
both	O
Chinese	O
restaurants	O
in	O
town	O
.	O
This	O
one	O
has	O
outstanding	O
crab	FOOD
rangoon	O
.	O
Love	O
the	O
chicken	FOOD
with	O
snow	O
peas	FOOD
and	O
mushrooms	FOOD
and	O
General	O
Tso	O
Chicken	FOOD
.	O
Food	FOOD
is	O
always	O
ready	O
in	O
10	O
minutes	O
which	O
is	O
accurate	O
.	O
Good	O
place	O
and	O
they	O
give	O
you	O
free	O
pop.Above	FOOD
average	O
takeout	O
with	O
friendly	O
staff	O
.	O
The	O
sauce	FOOD
on	O
the	O
pan	FOOD
fried	O
noodle	FOOD
is	O
tasty	O
.	O
Dumplings	FOOD
are	O
quite	O
good.We	O
order	O
from	O
Chang	FOOD
Jiang	O
often	O
and	O
have	O
never	O
been	O
disappointed	O
.	O
The	O
menu	FOOD
is	O
huge	O
,	O
and	O
can	O
accomodate	O
anyone	O
's	O
taste	O
buds	O
.	O
The	O
service	O
is	O
quick	O
,	O
usually	O
ready	O
in	O
10	O
minutes.Grade	O
:	O
C	O
The	O
food	FOOD
is	O
almost	O
as	O
good	O
as	O
the	O
prices	O
.	O
Decent	O
service.I	O
have	O
never	O
eaten	O
at	O
the	O
Green	FOOD
Lantern	O
,	O
but	O
whatever	O
.	O
What	O
I	O
HAVE	O
done	O
is	O
gone	O
to	O
karaoke	O
there	O
.	O
I	O
am	O
not	O
the	O
kind	O
of	O
person	O
to	O
enjoy	O
a	O
``	O
hip	O
''	O
bar	FOOD
.	O
I	O
do	O
n't	O
want	O
ironic	O
metal	O
on	O
the	O
jukebox	O
or	O
$	O
8	O
flirtinis	O
.	O
What	O
I	O
want	O
is	O
totally	O
unpretentious	O
karaoke	O
renditions	O
of	O
Unskinny	O
Bop	O
from	O
people	O
that	O
still	O
look	O
like	O
they	O
graduated	O
high	O
school	O
in	O
1991	O
,	O
and	O
$	O
2.50	O
vodka	FOOD
and	O
cranberry	FOOD
juices.I	O
'm	O
sure	O
if	O
I	O
drove	O
far	O
enough	O
outside	O
of	O
Minneapolis	O
I	O
'd	O
find	O
a	O
place	O
about	O
as	O
awesome	O
as	O
the	O
Green	FOOD
Lantern	O
.	O
Instead	O
of	O
doing	O
all	O
of	O
that	O
work	O
,	O
I	O
just	O
wish	O
the	O
Green	FOOD
Lantern	O
would	O
move	O
into	O
my	O
backyard	O
.	O
I	O
HATE	O
bars	O
where	O
I	O
feel	O
like	O
I	O
have	O
to	O
do	O
a	O
lot	O
of	O
work	O
just	O
to	O
try	O
to	O
have	O
a	O
good	O
time	O
.	O
I	O
'm	O
not	O
dressing	O
up	O
or	O
drinking	O
a	O
certain	O
drink	O
just	O
to	O
feel	O
like	O
I	O
have	O
a	O
shot	O
of	O
being	O
accepted	O
somewhere	O
,	O
believe	O
me	O
.	O
The	O
Green	FOOD
Lantern	O
rules	O
because	O
it	O
's	O
completely	O
laid	O
back	O
and	O
totally	O
unpretentious	O
.	O
I	O
've	O
seen	O
such	O
a	O
wide	O
variety	O
of	O
people	O
there	O
and	O
everyone	O
is	O
always	O
having	O
a	O
great	O
time	O
.	O
Besides	O
,	O
the	O
drinks	O
are	O
super	O
strong	O
and	O
cheap	O
-	O
that	O
alone	O
is	O
good	O
enough	O
for	O
me.The	O
biggest	O
plus	O
is	O
it	O
is	O
on	O
the	O
lake	O
with	O
a	O
dock	FOOD
and	O
open	O
for	O
breakfest	O
.	O
That	O
is	O
huge	O
if	O
your	O
a	O
fan	O
of	O
a	O
boating	O
trip	O
to	O
eat	O
...	O
I	O
'll	O
swing	O
by	O
soon	O
to	O
actually	O
eat	O
there	O
again	O
...	O
it	O
's	O
been	O
3	O
years	O
since	O
we	O
had	O
a	O
boat	O
.	O
We	O
did	O
find	O
a	O
used	O
boat	O
...	O
now	O
we	O
may	O
return	O
.	O
I	O
guess	O
that	O
says	O
a	O
lot	O
as	O
without	O
the	O
boat	O
,	O
we	O
do	O
not	O
go	O
,	O
with	O
a	O
boat	O
,	O
its	O
a	O
6	O
out	O
of	O
5	O
stars	O
!!!!	O
Who	O
does	O
not	O
love	O
the	O
Greeny	O
?	O
As	O
some	O
posts	O
before	O
me	O
it	O
is	O
a	O
place	O
you	O
can	O
go	O
and	O
have	O
a	O
good	O
time	O
no	O
matter	O
what	O
and	O
just	O
be	O
you	O
.	O
The	O
staff	O
is	O
awesome	O
and	O
the	O
food	FOOD
is	O
decent	O
.	O
But	O
the	O
Green	FOOD
lantern	O
has	O
something	O
that	O
other	O
places	O
try	O
to	O
imitate	O
,	O
atmosphere	O
.	O
I	O
have	O
seen	O
bar	FOOD
after	O
bar	FOOD
try	O
and	O
create	O
a	O
fun	O
atmosphere	O
but	O
they	O
can	O
not	O
.	O
The	O
Greeny	O
has	O
it	O
and	O
I	O
wish	O
I	O
could	O
get	O
there	O
more	O
than	O
I	O
do.The	O
Green	FOOD
Lantern	O
is	O
the	O
kind	O
of	O
place	O
that	O
comes	O
in	O
right	O
above	O
the	O
Mendoza	O
Line	O
.	O
What	O
I	O
mean	O
by	O
this	O
is	O
the	O
quality	O
of	O
the	O
meals	O
and	O
the	O
atmosphere	O
of	O
this	O
supper	FOOD
club	O
is	O
good	O
enough	O
to	O
warrant	O
return	O
visits	O
but	O
not	O
to	O
elicit	O
rave	O
reviews	O
.	O
I	O
'm	O
not	O
a	O
supper	FOOD
club	O
kind	O
of	O
guy	O
,	O
so	O
right	O
off	O
the	O
bat	FOOD
a	O
place	O
like	O
the	O
Green	FOOD
Lantern	O
is	O
n't	O
going	O
to	O
be	O
my	O
favorite	FOOD
.	O
However	O
there	O
are	O
plenty	O
of	O
old	O
school	O
supper	FOOD
clubs	O
that	O
do	O
a	O
nice	O
enough	O
job	O
that	O
I	O
've	O
got	O
no	O
qualms	O
tagging	O
along	O
for	O
dinner	FOOD
on	O
a	O
Friday	O
night	O
.	O
The	O
Green	FOOD
Lantern	O
is	O
one	O
of	O
these	O
places	O
,	O
albeit	O
just	O
barely	O
.	O
My	O
friend	O
,	O
however	O
,	O
absolutely	O
loves	O
this	O
place	O
.	O
As	O
such	O
I	O
've	O
had	O
cause	O
to	O
dine	O
here	O
many	O
times	O
over	O
the	O
years	O
.	O
There	O
are	O
quite	O
a	O
few	O
pluses	O
.	O
The	O
bartenders	O
are	O
quick	O
and	O
generally	O
friendly	O
,	O
and	O
they	O
've	O
got	O
an	O
adequate	O
tap	O
selection	O
including	O
Ale	FOOD
Asylum	O
offerings	O
.	O
I	O
love	O
the	O
location	O
right	O
off	O
the	O
lake	O
,	O
and	O
two-thirds	O
of	O
the	O
seating	O
areas	O
have	O
great	O
atmosphere	O
.	O
The	O
service	O
has	O
always	O
been	O
above	O
average	O
and	O
I	O
ca	O
n't	O
think	O
of	O
a	O
bad	O
experience	O
-	O
this	O
type	O
of	O
consistency	O
over	O
the	O
years	O
is	O
very	O
hard	O
to	O
maintain	O
.	O
They	O
've	O
got	O
Wiggies	O
,	O
which	O
are	O
kind	O
of	O
like	O
low-rent	O
roesti	O
-	O
hashbrowns	O
with	O
onions	FOOD
,	O
peppers	O
and	O
American	O
cheese	FOOD
.	O
And	O
finally	O
the	O
Green	FOOD
Lantern	O
is	O
obviously	O
popular	O
with	O
the	O
denizens	O
of	O
McFarland	O
.	O
I	O
do	O
n't	O
recall	O
a	O
single	O
trip	O
out	O
here	O
where	O
the	O
bar	FOOD
was	O
n't	O
mostly	O
full	FOOD
and	O
the	O
restaurant	O
hopping	O
.	O
The	O
negatives	O
:	O
first	O
and	O
foremost	O
I	O
've	O
always	O
found	O
the	O
menu	FOOD
to	O
be	O
pretty	O
limited	O
.	O
I	O
'm	O
not	O
big	O
on	O
fish	FOOD
fry	FOOD
,	O
and	O
the	O
Green	FOOD
Lantern	O
's	O
Friday	O
night	O
menu	FOOD
does	O
n't	O
have	O
much	O
else	O
aside	O
from	O
sandwiches	FOOD
and	O
a	O
grilled	O
chicken	FOOD
breast	FOOD
entree	O
.	O
Now	O
as	O
I	O
said	O
,	O
I	O
'm	O
not	O
big	O
on	O
fish	FOOD
fry	FOOD
so	O
my	O
opinion	O
should	O
be	O
taken	O
lightly	O
,	O
but	O
the	O
times	O
that	O
I	O
have	O
ordered	O
the	O
fish	FOOD
I	O
've	O
been	O
underwhelmed	O
.	O
This	O
is	O
probably	O
just	O
me	O
-	O
my	O
friend	O
simply	O
ca	O
n't	O
get	O
enough	O
of	O
the	O
stuff	O
.	O
Prices	O
are	O
moderately	O
high	O
for	O
the	O
perceived	O
quality	O
,	O
though	O
the	O
bar	FOOD
is	O
quite	O
reasonable	O
.	O
There	O
's	O
also	O
a	O
bit	O
of	O
a	O
hassle	O
when	O
it	O
comes	O
to	O
paying	O
the	O
bill	O
.	O
While	O
I	O
've	O
never	O
had	O
any	O
concerns	O
with	O
service	O
from	O
the	O
waitstaff	O
,	O
I	O
have	O
stood	O
around	O
for	O
upwards	O
of	O
15	O
minutes	O
waiting	O
to	O
have	O
the	O
hostess	O
swipe	O
my	O
card	O
.	O
That	O
is	O
unacceptable	O
and	O
it	O
's	O
unfortunately	O
led	O
to	O
smaller	O
tips	O
to	O
otherwise	O
deserving	O
waitresses	O
.	O
Finally	O
,	O
it	O
always	O
seems	O
that	O
after	O
waiting	O
20-30	O
minutes	O
for	O
a	O
table	FOOD
on	O
a	O
Friday	O
night	O
we	O
always	O
end	O
up	O
either	O
in	O
the	O
basement	O
or	O
at	O
one	O
of	O
the	O
few	O
poorly	O
located	O
tables	O
upstairs	O
.	O
If	O
it	O
were	O
just	O
up	O
to	O
me	O
I	O
do	O
n't	O
think	O
I	O
'd	O
be	O
going	O
to	O
the	O
Green	FOOD
Lantern	O
all	O
that	O
much	O
.	O
After	O
all	O
,	O
I	O
do	O
n't	O
live	O
in	O
McFarland	O
and	O
I	O
do	O
n't	O
really	O
go	O
for	O
supper	FOOD
club	O
fish	FOOD
fries	FOOD
.	O
But	O
so	O
long	O
as	O
I	O
know	O
people	O
that	O
love	O
going	O
here	O
I	O
'll	O
tag	O
along	O
and	O
have	O
a	O
decent	O
enough	O
time	O
.	O
I	O
think	O
you	O
'd	O
be	O
hard	O
pressed	O
not	O
to	O
at	O
least	O
be	O
able	O
to	O
do	O
that	O
at	O
the	O
Green	FOOD
Lantern.We	O
ate	O
there	O
several	O
weeks	O
back	O
so	O
the	O
details	O
are	O
a	O
bit	O
thin	O
,	O
but	O
I	O
do	O
recall	O
that	O
the	O
service	O
was	O
good	O
and	O
we	O
enjoyed	O
the	O
burger	FOOD
,	O
club	O
sandwich	FOOD
,	O
and	O
ham	FOOD
and	O
cheese	FOOD
our	O
group	FOOD
had	O
.	O
Its	O
exactly	O
what	O
you	O
'd	O
expect	O
for	O
a	O
good	O
supper	FOOD
club.Under	O
ordinary	O
circumstances	O
I	O
'm	O
not	O
a	O
breakfast	FOOD
person	O
.	O
However	O
,	O
the	O
morning	O
after	O
Thanksgiving	FOOD
,	O
it	O
was	O
obviously	O
time	O
to	O
consume	O
more	O
food	FOOD
,	O
so	O
off	O
to	O
the	O
Green	FOOD
Lantern	O
we	O
went	O
.	O
And	O
a	O
good	O
thing	O
too	O
...	O
I	O
had	O
the	O
best	O
breakfast	FOOD
I	O
have	O
eaten	O
in	O
recent	O
memory	O
,	O
and	O
left	O
totally	O
impressed	O
-LRB-	O
and	O
full	FOOD
-RRB-	O
.	O
Breakfast	FOOD
foods	O
are	O
simple	O
foods	O
.	O
Many	O
places	O
take	O
advantage	O
of	O
the	O
simplicity	O
by	O
rushing	O
things	O
along	O
.	O
You	O
end	O
up	O
with	O
edible	FOOD
but	O
uninspired	O
eats	O
.	O
Though	O
my	O
breakfast	FOOD
arrived	O
shortly	O
after	O
it	O
was	O
ordered	O
,	O
it	O
was	O
cooked	O
properly	O
and	O
with	O
care	O
.	O
My	O
sunny	O
side	O
up	O
eggs	FOOD
were	O
perfectly	O
done	O
,	O
the	O
whites	O
well	O
set	O
and	O
the	O
yolks	O
warm	O
but	O
properly	O
runny	O
.	O
The	O
four	O
-LRB-	O
!	O
-RRB-	O
large	O
slices	O
of	O
bacon	FOOD
were	O
thick	O
and	O
flavorful	O
.	O
I	O
ordered	O
the	O
hash-browns	FOOD
crispy	O
,	O
and	O
that	O
's	O
how	O
they	O
came	O
.	O
Everything	O
on	O
the	O
plate	O
was	O
cooked	O
just	O
right	O
and	O
tasted	O
super	O
good	O
.	O
I	O
could	O
almost	O
like	O
eating	O
breakfast	FOOD
out	O
,	O
if	O
every	O
place	O
served	O
breakfast	FOOD
like	O
this	O
.	O
Service	O
was	O
fast	O
and	O
friendly	O
.	O
Coffee	FOOD
was	O
the	O
usual	O
diner	FOOD
style	O
,	O
weak	O
and	O
plentiful	O
.	O
The	O
bar	FOOD
looked	O
capable	O
of	O
producing	O
a	O
solid	O
bloody	O
mary	O
,	O
but	O
alas	O
this	O
went	O
untested	O
.	O
Prices	O
were	O
as	O
cheap	O
as	O
the	O
day	O
is	O
long	O
.	O
I	O
'm	O
docking	O
a	O
star	O
for	O
the	O
corn	FOOD
beef	FOOD
hash	FOOD
--	O
it	O
lacked	O
flavor	FOOD
and	O
that	O
all	O
important	O
crunch	O
.	O
All	O
the	O
same	O
,	O
I	O
still	O
highly	O
recommend	O
the	O
Lantern	O
for	O
your	O
breakfast	FOOD
needs.Ate	O
breakfast	FOOD
here	O
today	O
;	O
overall	O
a	O
really	O
good	O
atmosphere	O
and	O
some	O
tasty	O
items	O
on	O
the	O
menu	FOOD
.	O
I	O
would	O
recommend	O
their	O
Wiggies	O
,	O
a	O
hodgepodge	O
of	O
hash	FOOD
browns	O
,	O
cheese	FOOD
,	O
green	FOOD
peppers	O
,	O
diced	O
ham	FOOD
,	O
and	O
mushrooms	FOOD
.	O
I	O
topped	O
it	O
off	O
with	O
a	O
mimosa	FOOD
and	O
then	O
my	O
gf	O
and	O
I	O
strolled	O
out	O
onto	O
their	O
dock	FOOD
and	O
enjoyed	O
some	O
lakeside	O
scene.We	O
love	O
The	O
Green	FOOD
Lantern	O
.	O
The	O
food	FOOD
is	O
wonderful	O
and	O
the	O
price	O
is	O
great	O
.	O
We	O
have	O
never	O
had	O
a	O
long	O
wait	O
for	O
a	O
table	FOOD
and	O
once	O
we	O
are	O
seated	O
we	O
are	O
always	O
waited	O
on	O
right	O
away	O
.	O
All	O
the	O
staff	O
is	O
very	O
friendly	O
and	O
atmosphere	O
is	O
welcoming	O
.	O
We	O
have	O
taken	O
several	O
friends	O
here	O
for	O
dinner	FOOD
and	O
always	O
have	O
a	O
great	O
time.We	O
love	O
this	O
place	O
!	O
This	O
restaurant	O
has	O
excellent	O
food	FOOD
!	O
It	O
has	O
been	O
family	O
owned	O
for	O
years	O
and	O
that	O
is	O
what	O
makes	O
the	O
difference	O
.	O
Love	O
being	O
regulars	O
here	O
!	O
Friday	O
night	O
fish	FOOD
fries	FOOD
are	O
always	O
good	O
.	O
Scallops	FOOD
are	O
really	O
worth	O
trying	O
.	O
Salads	O
are	O
always	O
fresh	O
.	O
Chili	FOOD
is	O
very	O
thick	O
and	O
meaty	O
.	O
This	O
place	O
and	O
staff	O
are	O
always	O
welcoming	O
even	O
when	O
you	O
arrive	O
by	O
boat	O
!	O
Highly	O
recommend	O
it	O
.	O
Be	O
sure	O
to	O
check	O
out	O
their	O
specials	O
on	O
their	O
awesome	O
website	O
!	O
http://www.thegreenlanternrestaurant.com.Looking	O
for	O
``	O
that	O
''	O
spot	FOOD
where	O
the	O
moment	O
you	O
walk	O
in	O
,	O
you	O
fit	O
in	O
?	O
Looking	O
for	O
a	O
home	O
cooked	O
meal	FOOD
...	O
without	O
having	O
to	O
lift	O
a	O
finger	O
?	O
Looking	O
for	O
a	O
place	O
to	O
pop	FOOD
a	O
squat	O
and	O
shoot	O
the	O
shit	O
?	O
Look	O
no	O
further	O
than	O
the	O
Greenie	O
!	O
Breakfast	FOOD
,	O
lunch	FOOD
,	O
happy	O
hour	O
or	O
dinner	FOOD
...	O
it	O
always	O
fills	O
the	O
bill	O
.	O
Love	O
taking	O
the	O
family	O
there	O
for	O
weekend	O
breakfast	FOOD
.	O
From	O
the	O
waffle	FOOD
sundae	FOOD
for	O
my	O
youngest	O
to	O
the	O
seafood	FOOD
omelet	O
for	O
me	O
...	O
they	O
have	O
it	O
all	O
.	O
Huge	O
portions	O
...	O
great	O
prices	O
!	O
Swing	O
in	O
and	O
ask	O
for	O
my	O
favorite	FOOD
bartender	O
,	O
Joy	O
to	O
make	O
you	O
her	O
ultimate	O
bloody	O
mary	O
made	O
with	O
Effen	O
Cucumber	FOOD
Vodka	FOOD
.	O
Yeah	O
...	O
she	O
rocks	O
it	O
.	O
It	O
's	O
all	O
good	O
...	O
Have	O
eaten	O
here	O
several	O
times	O
,	O
most	O
recently	O
this	O
morning	O
.	O
.	O
Food	FOOD
has	O
always	O
been	O
good	O
but	O
todays	O
breakfast	FOOD
was	O
exceptional	O
.	O
.	O
I	O
had	O
eggs	FOOD
and	O
walleye.Large	O
piece	O
of	O
walleye	O
,	O
flaky	O
,	O
lightly	O
breaded	O
,	O
and	O
delicious	O
!	O
Companion	O
had	O
lobster	FOOD
benedict	O
special	O
which	O
was	O
raved	O
about	O
.	O
.	O
To	O
top	O
it	O
off	O
the	O
service	O
provided	O
by	O
April	O
was	O
outstanding	O
...	O
Life	O
is	O
good	O
.	O
In	O
bloody	O
mary	O
heaven	O
.	O
Joy	O
's	O
not	O
bad	O
either	O
:	O
-	O
-RRB-	O
Always	O
good	O
food	FOOD
.	O
Menu	FOOD
seems	O
to	O
have	O
been	O
updated	O
recently	O
.	O
Lake	O
perch	O
really	O
nicely	O
done	O
.	O
Upper	O
dining	O
room	O
has	O
been	O
remodeled	O
.	O
Quite	O
nice	O
!	O
A	O
favorite.Pros	FOOD
:	O
Drinks	O
are	O
ok	O
Rib	O
eye	O
steak	FOOD
good	O
medium	O
rare	O
with	O
baked	O
potato	FOOD
Service	O
was	O
friendly	O
and	O
food	FOOD
served	O
warm	O
Food	FOOD
affordable	O
relaxing	O
environment	O
,	O
local	O
feel	O
Cons	O
:	O
Scallops	FOOD
was	O
to	O
salty	O
furniture	O
outdated	O
walleye	O
fish	FOOD
was	O
eh	O
,	O
not	O
enough	O
flavors	O
It	O
's	O
very	O
Divey	O
,	O
not	O
impressed	O
even	O
when	O
my	O
meal	FOOD
was	O
free.We	O
accidentally	O
found	O
Green	FOOD
Lantern	O
when	O
another	O
local	O
eatery	O
was	O
closed	O
for	O
Sunday	O
night	O
.	O
We	O
could	O
n't	O
have	O
been	O
more	O
happy	O
that	O
the	O
other	O
place	O
was	O
closed	O
as	O
Green	FOOD
Lantern	O
had	O
friendly	O
service	O
,	O
tasty	O
food	FOOD
,	O
and	O
the	O
Packers	O
on	O
tv	O
screens	O
everywhere	O
you	O
looked	O
.	O
It	O
's	O
a	O
restaurant	O
and	O
bar	FOOD
,	O
and	O
the	O
building	O
is	O
n't	O
modern	O
,	O
so	O
leave	O
any	O
judgmental	O
aesthetic	O
attitudes	O
at	O
home	O
-LRB-	O
or	O
,	O
in	O
our	O
case	O
,	O
the	O
hotel	O
room	O
-RRB-	O
and	O
go	O
enjoy	O
something	O
other	O
than	O
another	O
boring	O
chain.Friday	O
Night	O
Fish	FOOD
Fry	FOOD
!	O
reasonable	O
prices	O
and	O
good	O
service	O
.	O
Go	O
with	O
the	O
standards	O
and	O
you	O
will	O
enjoy!This	O
place	O
is	O
like	O
an	O
old	O
up-north	O
supper	FOOD
club	O
.	O
It	O
's	O
dark	O
and	O
cozy	O
with	O
orange	FOOD
light	FOOD
lanterns	O
hanging	O
from	O
the	O
ceiling	O
.	O
The	O
upper	O
seating	O
level	FOOD
has	O
a	O
lovely	O
view	O
of	O
the	O
lake	O
.	O
I	O
got	O
the	O
lobster	FOOD
omelet	O
and	O
it	O
had	O
this	O
wonderful	O
,	O
flavorful	O
tarragon	FOOD
sauce	FOOD
over	O
the	O
top	O
.	O
Big	O
chunks	O
of	O
lobster	FOOD
made	O
it	O
a	O
memorable	O
breakfast	FOOD
.	O
My	O
english	O
muffin	FOOD
was	O
perfectly	O
toasted	O
and	O
buttered	O
.	O
My	O
companion	O
recommends	O
trying	O
the	O
walleye	O
breakfast	FOOD
next	O
time	O
.	O
Our	O
server	O
was	O
very	O
very	O
very	O
nice	O
and	O
sweet	O
.	O
Several	O
times	O
she	O
uttered	O
``	O
take	O
your	O
time	O
,	O
no	O
hurry	O
.	O
''	O
I	O
hear	O
that	O
's	O
the	O
Green	FOOD
Lantern	O
's	O
tag	O
line	O
:	O
loitering	O
encouraged	O
.	O
I	O
like	O
to	O
relax	O
,	O
so	O
this	O
place	O
is	O
perfect	O
.	O
If	O
I	O
lived	O
in	O
the	O
area	O
I	O
'd	O
go	O
there	O
for	O
drinks.Never	O
had	O
a	O
bad	O
meal	FOOD
here	O
,	O
breakfast	FOOD
lunch	FOOD
or	O
dinner	FOOD
.	O
Prices	O
are	O
very	O
reasonable	O
and	O
the	O
people	O
are	O
very	O
welcoming	O
.	O
One	O
thing	O
that	O
needs	O
improvement	O
is	O
the	O
coffee	FOOD
.	O
I	O
think	O
they	O
let	O
the	O
hot	O
water	O
wink	O
at	O
the	O
grounds	FOOD
.	O
Way	O
to	O
weak.Good	O
food	FOOD
,	O
cheap	O
drinks	O
,	O
great	O
service	O
.	O
Breakfast	FOOD
is	O
simple	O
,	O
but	O
delicious	O
here	O
-	O
get	O
the	O
Wiggies	O
-LRB-	O
hashbrowns	O
with	O
cheese	FOOD
,	O
onions	FOOD
,	O
ham	FOOD
and	O
green	FOOD
pepper	FOOD
inside	O
-RRB-	O
.	O
Sandwiches	FOOD
are	O
also	O
good	O
,	O
and	O
it	O
's	O
a	O
great	O
place	O
for	O
fish	FOOD
fry.FISH	FOOD	FOOD
FRY	FOOD
was	O
OUT	O
OF	O
THIS	O
WORLD	O
!	O
I	O
read	O
an	O
article	O
in	O
Madison	O
magazine	O
about	O
how	O
this	O
place	O
had	O
one	O
of	O
the	O
best	O
fish	FOOD
fry	FOOD
's	O
in	O
town	O
and	O
decided	O
to	O
try	O
it	O
out	O
!	O
What	O
a	O
gem	O
!	O
First	O
,	O
The	O
fish	FOOD
fry	FOOD
comes	O
with	O
salad	FOOD
and	O
a	O
side	O
.	O
Super	O
Nice	O
.	O
Secondly	O
,	O
they	O
must	O
have	O
the	O
world	O
's	O
best	O
tartar	O
sauce	FOOD
!	O
I	O
could	O
literally	O
drink	O
the	O
stuff	O
.	O
Third	O
,	O
I	O
took	O
five	O
people	O
here	O
who	O
all	O
had	O
the	O
fish	FOOD
fry	FOOD
and	O
drinks	O
and	O
it	O
only	O
set	O
me	O
back	O
60	O
Bucks	FOOD
!	O
WOW	O
!	O
I	O
will	O
be	O
back!The	O
man	O
and	O
I	O
are	O
on	O
this	O
thing	O
now	O
where	O
we	O
are	O
trying	O
to	O
eat	O
at	O
a	O
few	O
places	O
famous	O
for	O
their	O
fish	FOOD
fry	FOOD
's	O
thanks	O
to	O
an	O
article	O
in	O
Madison	O
Magazine	O
.	O
There	O
are	O
a	O
few	O
places	O
in	O
the	O
mag	O
that	O
I	O
am	O
looking	O
forward	O
to	O
trying	O
but	O
Green	FOOD
Lantern	O
was	O
the	O
first	O
one	O
that	O
we	O
hit	O
up	O
.	O
Driving	O
up	O
the	O
place	O
looked	O
kind	O
of	O
small	O
and	O
beat	FOOD
up	O
which	O
was	O
not	O
what	O
I	O
was	O
expecting	O
and	O
not	O
looking	O
forward	O
to	O
.	O
As	O
we	O
got	O
closer	O
however	O
I	O
realized	O
how	O
big	O
this	O
place	O
was	O
on	O
the	O
inside	O
.	O
It	O
's	O
huge	O
!	O
At	O
least	O
it	O
felt	O
huge	O
from	O
where	O
we	O
were	O
sitting	O
.	O
I	O
'm	O
not	O
sure	O
if	O
it	O
was	O
the	O
article	O
in	O
the	O
magazine	O
that	O
attributed	O
to	O
how	O
crazy	O
busy	O
this	O
place	O
was	O
or	O
if	O
there	O
was	O
a	O
concert	O
or	O
what	O
but	O
this	O
place	O
was	O
insane	O
.	O
I	O
mean	O
we	O
had	O
to	O
wait	O
for	O
an	O
hour	O
for	O
our	O
table	FOOD
.	O
On	O
the	O
plus	O
side	O
we	O
had	O
to	O
wait	O
an	O
hour	O
for	O
our	O
table	FOOD
which	O
meant	O
an	O
hour	O
of	O
drinking	O
so	O
I	O
ca	O
n't	O
really	O
complain	O
.	O
Because	O
we	O
had	O
been	O
waiting	O
for	O
so	O
long	O
we	O
also	O
had	O
a	O
chance	O
to	O
look	O
at	O
the	O
menu	FOOD
so	O
when	O
we	O
finally	O
sat	O
down	O
we	O
knew	O
exactly	O
what	O
we	O
wanted	O
;	O
the	O
waitress	O
loved	O
this	O
.	O
We	O
started	O
with	O
the	O
calamari	FOOD
which	O
I	O
'm	O
starting	O
to	O
find	O
out	O
is	O
not	O
one	O
of	O
Wisconsin	O
's	O
strong	O
suits	O
.	O
I	O
do	O
n't	O
think	O
I	O
have	O
ever	O
had	O
good	O
calamari	FOOD
here	O
;	O
maybe	O
this	O
will	O
be	O
my	O
next	O
food	FOOD
challenge	O
`	O
The	O
Great	O
Calamari	FOOD
Showdown	O
'	O
!	O
Anyway	O
,	O
I	O
had	O
a	O
few	O
pieces	O
of	O
that	O
and	O
let	O
the	O
man	O
have	O
the	O
rest	O
''	O
